email,role,password
achang@example.org,ORPHAN,pass
juancampos@example.net,ORPHAN,pass
gomezleslie@example.net,ORPHAN,pass
cortezraymond@example.net,ORPHAN,pass
johnponce@example.net,ORPHAN,pass
lisa83@example.net,ORPHAN,pass
antoniozavala@example.com,ORPHAN,pass
hmassey@example.com,ORPHAN,pass
christopher91@example.com,ORPHAN,pass
gcabrera@example.org,ORPHAN,pass
hdavis@example.org,ORPHAN,pass
huffchad@example.org,ORPHAN,pass
rachaelcunningham@example.net,DONOR,pass
kyle38@example.com,DONOR,pass
larry78@example.com,DONOR,pass
david25@example.org,DONOR,pass
jessica97@example.org,DONOR,pass
oconnorchristopher@example.net,DONOR,pass
qsimpson@example.com,DONOR,pass
snguyen@example.net,DONOR,pass
leejonathon@example.org,DONOR,pass
urogers@example.org,DONOR,pass
walshheather@example.com,DONOR,pass
justin68@example.org,DONOR,pass
jontaylor@example.org,DONOR,pass
benjamin16@example.com,DONOR,pass
jonesjenny@example.net,DONOR,pass
lgilbert@example.com,DONOR,pass
fmercer@example.org,DONOR,pass
hayesjennifer@example.com,DONOR,pass
andrea42@example.com,DONOR,pass
tgarcia@example.net,DONOR,pass
qwells@example.net,DONOR,pass
pwaters@example.com,DONOR,pass
christopher27@example.com,DONOR,pass
qcortez@example.org,DONOR,pass
mcintoshroy@example.com,DONOR,pass
gwilliams@example.com,DONOR,pass
margaret09@example.org,DONOR,pass
jessicamitchell@example.com,DONOR,pass
lmartinez@example.org,DONOR,pass
gonzalezjennifer@example.org,DONOR,pass
christinasullivan@example.net,DONOR,pass
pearsondavid@example.net,DONOR,pass
ariel17@example.net,DONOR,pass
mbrown@example.net,DONOR,pass
michaellee@example.net,DONOR,pass
hernandezdavid@example.org,DONOR,pass
hilllydia@example.com,DONOR,pass
nathanielyu@example.net,DONOR,pass
davidcline@example.net,DONOR,pass
keithmclaughlin@example.org,DONOR,pass
patrickschneider@example.com,DONOR,pass
dennisgonzalez@example.com,DONOR,pass
simmonssusan@example.net,DONOR,pass
davidgrant@example.org,DONOR,pass
anita09@example.com,DONOR,pass
michael67@example.org,DONOR,pass
caroline63@example.org,DONOR,pass
krystal06@example.net,DONOR,pass
fowlerchristine@example.org,DONOR,pass
shelley80@example.org,DONOR,pass
gbender@example.com,DONOR,pass
popeabigail@example.net,DONOR,pass
jonathanjohnson@example.net,DONOR,pass
browndawn@example.com,DONOR,pass
qmyers@example.com,DONOR,pass
simpsondorothy@example.com,DONOR,pass
alisha49@example.org,DONOR,pass
hickmantina@example.org,DONOR,pass
jeffery78@example.org,DONOR,pass
franciscolara@example.net,DONOR,pass
kimberlyreid@example.net,DONOR,pass
melindajohnson@example.com,DONOR,pass
leonbrian@example.net,DONOR,pass
kelly87@example.org,DONOR,pass
cathycisneros@example.org,DONOR,pass
tharper@example.net,DONOR,pass
matthew49@example.com,DONOR,pass
xjohnson@example.net,DONOR,pass
davidolson@example.net,DONOR,pass
amy03@example.net,DONOR,pass
christopher72@example.com,DONOR,pass
carloshunt@example.org,DONOR,pass
wesleymiller@example.org,DONOR,pass
ericanderson@example.org,DONOR,pass
harpermark@example.com,DONOR,pass
karenreeves@example.com,DONOR,pass
peterbryant@example.org,DONOR,pass
juliawalsh@example.com,DONOR,pass
olevine@example.org,DONOR,pass
wheelerjohn@example.org,DONOR,pass
george99@example.org,DONOR,pass
casejason@example.org,DONOR,pass
gilbertzachary@example.com,DONOR,pass
cperez@example.org,DONOR,pass
gonzalescarol@example.com,DONOR,pass
danny12@example.net,DONOR,pass
zgallagher@example.org,DONOR,pass
monicarobinson@example.org,DONOR,pass
christianmoore@example.org,DONOR,pass
steve22@example.org,DONOR,pass
amy32@example.org,DONOR,pass
psandoval@example.org,DONOR,pass
christopherlee@example.net,DONOR,pass
cfrazier@example.com,DONOR,pass
jameslowe@example.org,DONOR,pass
mmartinez@example.com,DONOR,pass
fgraham@example.net,DONOR,pass
jeannealvarez@example.org,DONOR,pass
jennifer16@example.org,DONOR,pass
othompson@example.org,DONOR,pass
valeriewhite@example.net,VOLUN,pass
qbarker@example.org,VOLUN,pass
markkelly@example.org,VOLUN,pass
gerald89@example.net,VOLUN,pass
pdavis@example.org,VOLUN,pass
maureenstewart@example.org,VOLUN,pass
spham@example.com,VOLUN,pass
ndodson@example.org,VOLUN,pass
millerrachel@example.net,VOLUN,pass
sbrown@example.net,VOLUN,pass
barry07@example.net,VOLUN,pass
udonaldson@example.com,VOLUN,pass
rileybishop@example.org,VOLUN,pass
xgill@example.com,VOLUN,pass
brooksjessica@example.org,VOLUN,pass
cassandra36@example.org,VOLUN,pass
steinjeffery@example.org,VOLUN,pass
hmartin@example.com,VOLUN,pass
jacobwhite@example.com,VOLUN,pass
franklinanthony@example.org,VOLUN,pass
kchandler@example.net,VOLUN,pass
lsmith@example.com,VOLUN,pass
rwang@example.net,VOLUN,pass
michaelchase@example.net,VOLUN,pass
davisashlee@example.org,VOLUN,pass
hbowman@example.net,VOLUN,pass
brianramos@example.com,VOLUN,pass
monica94@example.net,VOLUN,pass
kimberlykeller@example.org,VOLUN,pass
kimberlycowan@example.com,VOLUN,pass
